{
  "task": {
    "precision": 0.9473684210526315,
    "recall": 0.972972972972973,
    "f1-score": 0.9599999999999999,
    "support": 37,
    "confused_with": {}
  },
  "city": {
    "precision": 0.0,
    "recall": 0.0,
    "f1-score": 0.0,
    "support": 2,
    "confused_with": {}
  },
  "micro avg": {
    "precision": 0.9473684210526315,
    "recall": 0.9230769230769231,
    "f1-score": 0.935064935064935,
    "support": 39
  },
  "macro avg": {
    "precision": 0.47368421052631576,
    "recall": 0.4864864864864865,
    "f1-score": 0.4799999999999999,
    "support": 39
  },
  "weighted avg": {
    "precision": 0.8987854251012146,
    "recall": 0.9230769230769231,
    "f1-score": 0.9107692307692307,
    "support": 39
  }
}