{
  "task": {
    "precision": 1.0,
    "recall": 0.9696969696969697,
    "f1-score": 0.9846153846153847,
    "support": 33,
    "confused_with": {}
  },
  "city": {
    "precision": 0.0,
    "recall": 0.0,
    "f1-score": 0.0,
    "support": 2,
    "confused_with": {}
  },
  "micro avg": {
    "precision": 1.0,
    "recall": 0.9142857142857143,
    "f1-score": 0.955223880597015,
    "support": 35
  },
  "macro avg": {
    "precision": 0.5,
    "recall": 0.48484848484848486,
    "f1-score": 0.49230769230769234,
    "support": 35
  },
  "weighted avg": {
    "precision": 0.9428571428571428,
    "recall": 0.9142857142857143,
    "f1-score": 0.9283516483516483,
    "support": 35
  }
}