{
  "config_1": [
    [
      0.7435960591133004,
      0.7717569786535303,
      0.6417203486169003,
      0.6649626235833132
    ],
    [
      0.8101059859680548,
      0.786206896551724,
      0.6797283176593522,
      0.7390804597701149
    ],
    [
      0.6119122257053292,
      0.6367196022368437,
      0.7111807732497387,
      0.5274495619323205
    ]
  ],
  "config_2": [
    [
      0.6904015524705179,
      0.7011494252873562,
      0.7000074638005672,
      0.6392446633825944
    ],
    [
      0.8390804597701149,
      0.8378489326765188,
      0.6850574712643677,
      0.6982758620689655
    ],
    [
      0.6803081975495769,
      0.6690550828481864,
      0.5984475294820123,
      0.5772778945192738
    ]
  ]
}