{
  "task": {
    "precision": 0.9411764705882353,
    "recall": 0.9696969696969697,
    "f1-score": 0.955223880597015,
    "support": 33,
    "confused_with": {}
  },
  "city": {
    "precision": 1.0,
    "recall": 0.25,
    "f1-score": 0.4,
    "support": 4,
    "confused_with": {}
  },
  "micro avg": {
    "precision": 0.9428571428571428,
    "recall": 0.8918918918918919,
    "f1-score": 0.9166666666666667,
    "support": 37
  },
  "macro avg": {
    "precision": 0.9705882352941176,
    "recall": 0.6098484848484849,
    "f1-score": 0.6776119402985075,
    "support": 37
  },
  "weighted avg": {
    "precision": 0.9475357710651829,
    "recall": 0.8918918918918919,
    "f1-score": 0.8951996772892296,
    "support": 37
  }
}