{
  "task": {
    "precision": 0.9117647058823529,
    "recall": 0.9393939393939394,
    "f1-score": 0.9253731343283583,
    "support": 33,
    "confused_with": {}
  },
  "city": {
    "precision": 1.0,
    "recall": 0.5,
    "f1-score": 0.6666666666666666,
    "support": 2,
    "confused_with": {}
  },
  "micro avg": {
    "precision": 0.9142857142857143,
    "recall": 0.9142857142857143,
    "f1-score": 0.9142857142857143,
    "support": 35
  },
  "macro avg": {
    "precision": 0.9558823529411764,
    "recall": 0.7196969696969697,
    "f1-score": 0.7960199004975125,
    "support": 35
  },
  "weighted avg": {
    "precision": 0.9168067226890756,
    "recall": 0.9142857142857143,
    "f1-score": 0.910589907604833,
    "support": 35
  }
}