{
  "task": {
    "precision": 1.0,
    "recall": 1.0,
    "f1-score": 1.0,
    "support": 33,
    "confused_with": {}
  },
  "city": {
    "precision": 0.0,
    "recall": 0.0,
    "f1-score": 0.0,
    "support": 4,
    "confused_with": {}
  },
  "micro avg": {
    "precision": 1.0,
    "recall": 0.8918918918918919,
    "f1-score": 0.9428571428571428,
    "support": 37
  },
  "macro avg": {
    "precision": 0.5,
    "recall": 0.5,
    "f1-score": 0.5,
    "support": 37
  },
  "weighted avg": {
    "precision": 0.8918918918918919,
    "recall": 0.8918918918918919,
    "f1-score": 0.8918918918918919,
    "support": 37
  }
}