{
  "task": {
    "precision": 0.8048780487804879,
    "recall": 1.0,
    "f1-score": 0.8918918918918919,
    "support": 33,
    "confused_with": {}
  },
  "city": {
    "precision": 0.0,
    "recall": 0.0,
    "f1-score": 0.0,
    "support": 4,
    "confused_with": {}
  },
  "micro avg": {
    "precision": 0.8048780487804879,
    "recall": 0.8918918918918919,
    "f1-score": 0.8461538461538461,
    "support": 37
  },
  "macro avg": {
    "precision": 0.4024390243902439,
    "recall": 0.5,
    "f1-score": 0.44594594594594594,
    "support": 37
  },
  "weighted avg": {
    "precision": 0.7178642056690837,
    "recall": 0.8918918918918919,
    "f1-score": 0.7954711468224982,
    "support": 37
  }
}