{
  "task": {
    "precision": 0.9705882352941176,
    "recall": 1.0,
    "f1-score": 0.9850746268656716,
    "support": 33,
    "confused_with": {}
  },
  "city": {
    "precision": 0.0,
    "recall": 0.0,
    "f1-score": 0.0,
    "support": 4,
    "confused_with": {}
  },
  "micro avg": {
    "precision": 0.9705882352941176,
    "recall": 0.8918918918918919,
    "f1-score": 0.9295774647887325,
    "support": 37
  },
  "macro avg": {
    "precision": 0.4852941176470588,
    "recall": 0.5,
    "f1-score": 0.4925373134328358,
    "support": 37
  },
  "weighted avg": {
    "precision": 0.8656597774244833,
    "recall": 0.8918918918918919,
    "f1-score": 0.8785800726099234,
    "support": 37
  }
}