{
  "task": {
    "precision": 0.75,
    "recall": 0.6363636363636364,
    "f1-score": 0.6885245901639345,
    "support": 33,
    "confused_with": {}
  },
  "city": {
    "precision": 0.0,
    "recall": 0.0,
    "f1-score": 0.0,
    "support": 4,
    "confused_with": {}
  },
  "micro avg": {
    "precision": 0.75,
    "recall": 0.5675675675675675,
    "f1-score": 0.6461538461538462,
    "support": 37
  },
  "macro avg": {
    "precision": 0.375,
    "recall": 0.3181818181818182,
    "f1-score": 0.34426229508196726,
    "support": 37
  },
  "weighted avg": {
    "precision": 0.668918918918919,
    "recall": 0.5675675675675675,
    "f1-score": 0.614089499335401,
    "support": 37
  }
}