{
  "task": {
    "precision": 1.0,
    "recall": 0.42424242424242425,
    "f1-score": 0.5957446808510638,
    "support": 33,
    "confused_with": {}
  },
  "city": {
    "precision": 0.0,
    "recall": 0.0,
    "f1-score": 0.0,
    "support": 2,
    "confused_with": {}
  },
  "micro avg": {
    "precision": 1.0,
    "recall": 0.4,
    "f1-score": 0.5714285714285715,
    "support": 35
  },
  "macro avg": {
    "precision": 0.5,
    "recall": 0.21212121212121213,
    "f1-score": 0.2978723404255319,
    "support": 35
  },
  "weighted avg": {
    "precision": 0.9428571428571428,
    "recall": 0.4,
    "f1-score": 0.5617021276595744,
    "support": 35
  }
}