{
  "task": {
    "precision": 1.0,
    "recall": 0.696969696969697,
    "f1-score": 0.8214285714285715,
    "support": 33,
    "confused_with": {}
  },
  "city": {
    "precision": 0.0,
    "recall": 0.0,
    "f1-score": 0.0,
    "support": 2,
    "confused_with": {}
  },
  "micro avg": {
    "precision": 0.8846153846153846,
    "recall": 0.6571428571428571,
    "f1-score": 0.7540983606557377,
    "support": 35
  },
  "macro avg": {
    "precision": 0.5,
    "recall": 0.3484848484848485,
    "f1-score": 0.41071428571428575,
    "support": 35
  },
  "weighted avg": {
    "precision": 0.9428571428571428,
    "recall": 0.6571428571428571,
    "f1-score": 0.7744897959183674,
    "support": 35
  }
}