{
  "task": {
    "precision": 1.0,
    "recall": 1.0,
    "f1-score": 1.0,
    "support": 37,
    "confused_with": {}
  },
  "city": {
    "precision": 0.0,
    "recall": 0.0,
    "f1-score": 0.0,
    "support": 2,
    "confused_with": {}
  },
  "micro avg": {
    "precision": 1.0,
    "recall": 0.9487179487179487,
    "f1-score": 0.9736842105263158,
    "support": 39
  },
  "macro avg": {
    "precision": 0.5,
    "recall": 0.5,
    "f1-score": 0.5,
    "support": 39
  },
  "weighted avg": {
    "precision": 0.9487179487179487,
    "recall": 0.9487179487179487,
    "f1-score": 0.9487179487179487,
    "support": 39
  }
}