{
  "task": {
    "precision": 1.0,
    "recall": 0.9459459459459459,
    "f1-score": 0.9722222222222222,
    "support": 37,
    "confused_with": {}
  },
  "city": {
    "precision": 0.0,
    "recall": 0.0,
    "f1-score": 0.0,
    "support": 2,
    "confused_with": {}
  },
  "micro avg": {
    "precision": 1.0,
    "recall": 0.8974358974358975,
    "f1-score": 0.945945945945946,
    "support": 39
  },
  "macro avg": {
    "precision": 0.5,
    "recall": 0.47297297297297297,
    "f1-score": 0.4861111111111111,
    "support": 39
  },
  "weighted avg": {
    "precision": 0.9487179487179487,
    "recall": 0.8974358974358975,
    "f1-score": 0.9223646723646723,
    "support": 39
  }
}