{
  "task": {
    "precision": 0.9393939393939394,
    "recall": 0.9393939393939394,
    "f1-score": 0.9393939393939394,
    "support": 33,
    "confused_with": {}
  },
  "city": {
    "precision": 1.0,
    "recall": 1.0,
    "f1-score": 1.0,
    "support": 2,
    "confused_with": {}
  },
  "micro avg": {
    "precision": 0.9428571428571428,
    "recall": 0.9428571428571428,
    "f1-score": 0.9428571428571428,
    "support": 35
  },
  "macro avg": {
    "precision": 0.9696969696969697,
    "recall": 0.9696969696969697,
    "f1-score": 0.9696969696969697,
    "support": 35
  },
  "weighted avg": {
    "precision": 0.9428571428571428,
    "recall": 0.9428571428571428,
    "f1-score": 0.9428571428571428,
    "support": 35
  }
}