{
  "task": {
    "precision": 1.0,
    "recall": 0.3939393939393939,
    "f1-score": 0.5652173913043478,
    "support": 33,
    "confused_with": {}
  },
  "city": {
    "precision": 0.0,
    "recall": 0.0,
    "f1-score": 0.0,
    "support": 2,
    "confused_with": {}
  },
  "micro avg": {
    "precision": 1.0,
    "recall": 0.37142857142857144,
    "f1-score": 0.5416666666666666,
    "support": 35
  },
  "macro avg": {
    "precision": 0.5,
    "recall": 0.19696969696969696,
    "f1-score": 0.2826086956521739,
    "support": 35
  },
  "weighted avg": {
    "precision": 0.9428571428571428,
    "recall": 0.37142857142857144,
    "f1-score": 0.5329192546583851,
    "support": 35
  }
}