{
  "task": {
    "precision": 0.9523809523809523,
    "recall": 0.6060606060606061,
    "f1-score": 0.7407407407407407,
    "support": 33,
    "confused_with": {}
  },
  "city": {
    "precision": 0.0,
    "recall": 0.0,
    "f1-score": 0.0,
    "support": 2,
    "confused_with": {}
  },
  "micro avg": {
    "precision": 0.9523809523809523,
    "recall": 0.5714285714285714,
    "f1-score": 0.7142857142857142,
    "support": 35
  },
  "macro avg": {
    "precision": 0.47619047619047616,
    "recall": 0.30303030303030304,
    "f1-score": 0.37037037037037035,
    "support": 35
  },
  "weighted avg": {
    "precision": 0.8979591836734694,
    "recall": 0.5714285714285714,
    "f1-score": 0.6984126984126984,
    "support": 35
  }
}