{
  "task": {
    "precision": 0.9117647058823529,
    "recall": 0.9393939393939394,
    "f1-score": 0.9253731343283583,
    "support": 33,
    "confused_with": {}
  },
  "city": {
    "precision": 0.0,
    "recall": 0.0,
    "f1-score": 0.0,
    "support": 2,
    "confused_with": {}
  },
  "micro avg": {
    "precision": 0.9117647058823529,
    "recall": 0.8857142857142857,
    "f1-score": 0.8985507246376812,
    "support": 35
  },
  "macro avg": {
    "precision": 0.45588235294117646,
    "recall": 0.4696969696969697,
    "f1-score": 0.46268656716417916,
    "support": 35
  },
  "weighted avg": {
    "precision": 0.8596638655462184,
    "recall": 0.8857142857142857,
    "f1-score": 0.872494669509595,
    "support": 35
  }
}