{
  "task": {
    "precision": 1.0,
    "recall": 0.8648648648648649,
    "f1-score": 0.927536231884058,
    "support": 37,
    "confused_with": {}
  },
  "city": {
    "precision": 0.0,
    "recall": 0.0,
    "f1-score": 0.0,
    "support": 2,
    "confused_with": {}
  },
  "micro avg": {
    "precision": 1.0,
    "recall": 0.8205128205128205,
    "f1-score": 0.9014084507042254,
    "support": 39
  },
  "macro avg": {
    "precision": 0.5,
    "recall": 0.43243243243243246,
    "f1-score": 0.463768115942029,
    "support": 39
  },
  "weighted avg": {
    "precision": 0.9487179487179487,
    "recall": 0.8205128205128205,
    "f1-score": 0.8799702712746191,
    "support": 39
  }
}