{
  "task": {
    "precision": 0.9411764705882353,
    "recall": 0.8648648648648649,
    "f1-score": 0.9014084507042254,
    "support": 37,
    "confused_with": {}
  },
  "city": {
    "precision": 0.0,
    "recall": 0.0,
    "f1-score": 0.0,
    "support": 2,
    "confused_with": {}
  },
  "micro avg": {
    "precision": 0.9411764705882353,
    "recall": 0.8205128205128205,
    "f1-score": 0.8767123287671232,
    "support": 39
  },
  "macro avg": {
    "precision": 0.47058823529411764,
    "recall": 0.43243243243243246,
    "f1-score": 0.4507042253521127,
    "support": 39
  },
  "weighted avg": {
    "precision": 0.8929110105580693,
    "recall": 0.8205128205128205,
    "f1-score": 0.8551823763091368,
    "support": 39
  }
}