{
  "task": {
    "precision": 1.0,
    "recall": 0.9393939393939394,
    "f1-score": 0.96875,
    "support": 33,
    "confused_with": {}
  },
  "city": {
    "precision": 0.0,
    "recall": 0.0,
    "f1-score": 0.0,
    "support": 4,
    "confused_with": {}
  },
  "micro avg": {
    "precision": 1.0,
    "recall": 0.8378378378378378,
    "f1-score": 0.911764705882353,
    "support": 37
  },
  "macro avg": {
    "precision": 0.5,
    "recall": 0.4696969696969697,
    "f1-score": 0.484375,
    "support": 37
  },
  "weighted avg": {
    "precision": 0.8918918918918919,
    "recall": 0.8378378378378378,
    "f1-score": 0.8640202702702703,
    "support": 37
  }
}