{
  "task": {
    "precision": 1.0,
    "recall": 0.40540540540540543,
    "f1-score": 0.5769230769230769,
    "support": 37,
    "confused_with": {}
  },
  "city": {
    "precision": 0.0,
    "recall": 0.0,
    "f1-score": 0.0,
    "support": 2,
    "confused_with": {}
  },
  "micro avg": {
    "precision": 1.0,
    "recall": 0.38461538461538464,
    "f1-score": 0.5555555555555556,
    "support": 39
  },
  "macro avg": {
    "precision": 0.5,
    "recall": 0.20270270270270271,
    "f1-score": 0.28846153846153844,
    "support": 39
  },
  "weighted avg": {
    "precision": 0.9487179487179487,
    "recall": 0.38461538461538464,
    "f1-score": 0.5473372781065088,
    "support": 39
  }
}