{
  "task": {
    "precision": 0.6363636363636364,
    "recall": 0.3783783783783784,
    "f1-score": 0.4745762711864407,
    "support": 37,
    "confused_with": {}
  },
  "city": {
    "precision": 0.0,
    "recall": 0.0,
    "f1-score": 0.0,
    "support": 2,
    "confused_with": {}
  },
  "micro avg": {
    "precision": 0.6363636363636364,
    "recall": 0.358974358974359,
    "f1-score": 0.459016393442623,
    "support": 39
  },
  "macro avg": {
    "precision": 0.3181818181818182,
    "recall": 0.1891891891891892,
    "f1-score": 0.23728813559322035,
    "support": 39
  },
  "weighted avg": {
    "precision": 0.6037296037296037,
    "recall": 0.358974358974359,
    "f1-score": 0.4502390265102129,
    "support": 39
  }
}