{
  "task": {
    "precision": 1.0,
    "recall": 0.918918918918919,
    "f1-score": 0.9577464788732395,
    "support": 37,
    "confused_with": {}
  },
  "city": {
    "precision": 0.0,
    "recall": 0.0,
    "f1-score": 0.0,
    "support": 2,
    "confused_with": {}
  },
  "micro avg": {
    "precision": 0.9714285714285714,
    "recall": 0.8717948717948718,
    "f1-score": 0.9189189189189189,
    "support": 39
  },
  "macro avg": {
    "precision": 0.5,
    "recall": 0.4594594594594595,
    "f1-score": 0.47887323943661975,
    "support": 39
  },
  "weighted avg": {
    "precision": 0.9487179487179487,
    "recall": 0.8717948717948718,
    "f1-score": 0.9086312748284581,
    "support": 39
  }
}