{
  "task": {
    "precision": 0.896551724137931,
    "recall": 0.7878787878787878,
    "f1-score": 0.8387096774193549,
    "support": 33,
    "confused_with": {}
  },
  "city": {
    "precision": 0.0,
    "recall": 0.0,
    "f1-score": 0.0,
    "support": 2,
    "confused_with": {}
  },
  "micro avg": {
    "precision": 0.896551724137931,
    "recall": 0.7428571428571429,
    "f1-score": 0.8125,
    "support": 35
  },
  "macro avg": {
    "precision": 0.4482758620689655,
    "recall": 0.3939393939393939,
    "f1-score": 0.41935483870967744,
    "support": 35
  },
  "weighted avg": {
    "precision": 0.845320197044335,
    "recall": 0.7428571428571429,
    "f1-score": 0.7907834101382489,
    "support": 35
  }
}