{
  "task": {
    "precision": 1.0,
    "recall": 0.8181818181818182,
    "f1-score": 0.9,
    "support": 33,
    "confused_with": {}
  },
  "city": {
    "precision": 0.0,
    "recall": 0.0,
    "f1-score": 0.0,
    "support": 2,
    "confused_with": {}
  },
  "micro avg": {
    "precision": 1.0,
    "recall": 0.7714285714285715,
    "f1-score": 0.870967741935484,
    "support": 35
  },
  "macro avg": {
    "precision": 0.5,
    "recall": 0.4090909090909091,
    "f1-score": 0.45,
    "support": 35
  },
  "weighted avg": {
    "precision": 0.9428571428571428,
    "recall": 0.7714285714285715,
    "f1-score": 0.8485714285714285,
    "support": 35
  }
}