{
  "task": {
    "precision": 0.92,
    "recall": 0.6216216216216216,
    "f1-score": 0.7419354838709677,
    "support": 37,
    "confused_with": {}
  },
  "city": {
    "precision": 1.0,
    "recall": 0.5,
    "f1-score": 0.6666666666666666,
    "support": 2,
    "confused_with": {}
  },
  "micro avg": {
    "precision": 0.9230769230769231,
    "recall": 0.6153846153846154,
    "f1-score": 0.7384615384615384,
    "support": 39
  },
  "macro avg": {
    "precision": 0.96,
    "recall": 0.5608108108108107,
    "f1-score": 0.7043010752688172,
    "support": 39
  },
  "weighted avg": {
    "precision": 0.9241025641025641,
    "recall": 0.6153846153846154,
    "f1-score": 0.7380755445271574,
    "support": 39
  }
}